{"initial_reset_timestamp": 1520183524.2837825, "timestamps": [1520183524.7647803, 1520183525.0647795, 1520183525.1147828, 1520183525.1157818, 1520183525.1177795, 1520183525.118779, 1520183525.1207838, 1520183525.1237795, 1520183525.6828117, 1520183525.7507832, 1520183525.7527814, 1520183525.7657828, 1520183525.7697806, 1520183525.770781, 1520183525.77378, 1520183525.7768137, 1520183525.778815, 1520183525.7818146, 1520183525.7838142, 1520183525.8168094, 1520183525.8197818, 1520183525.8258102, 1520183525.8278146, 1520183525.828782, 1520183525.8317823, 1520183525.8747835, 1520183525.8767805, 1520183526.3987823, 1520183526.4598098, 1520183526.4638114, 1520183526.46581, 1520183526.4668105, 1520183526.4708104, 1520183526.5277815, 1520183526.5297804, 1520183526.5307806, 1520183526.5327806, 1520183526.5347805, 1520183526.5367804, 1520183526.5387807, 1520183526.542781, 1520183526.6077824, 1520183526.6098118, 1520183526.6108103, 1520183526.6118114, 1520183526.613811, 1520183526.6148129, 1520183526.615811, 1520183526.6178107, 1520183526.6188116, 1520183526.6208105, 1520183526.621813, 1520183526.6238108, 1520183526.6247826, 1520183526.7057822, 1520183526.7078109, 1520183526.7087831, 1520183526.7098114, 1520183526.7108114, 1520183526.7138107, 1520183526.7158113, 1520183526.7168117, 1520183526.7198133, 1520183526.7228105, 1520183527.2648115, 1520183527.3287816, 1520183527.3308089, 1520183527.3318095, 1520183527.3398116, 1520183527.3408086, 1520183527.3428097, 1520183527.454811, 1520183527.4558105, 1520183527.4577813, 1520183527.4607816, 1520183527.4628122, 1520183527.4648118, 1520183527.4658115, 1520183527.4687817, 1520183527.4687817, 1520183527.4708111, 1520183527.472813, 1520183527.6018102, 1520183527.6038098, 1520183527.6058097, 1520183527.6098113, 1520183527.6127818, 1520183527.613811, 1520183527.614811, 1520183527.6167822, 1520183527.754781, 1520183527.7577806, 1520183527.7597811, 1520183527.7607808, 1520183527.7627807, 1520183527.7657802, 1520183527.7677805, 1520183527.7697804, 1520183527.772789, 1520183527.9198127, 1520183527.9238107, 1520183527.9258153, 1520183527.9287815, 1520183527.9298158, 1520183527.9308171, 1520183527.9318151, 1520183527.932816, 1520183527.9367814, 1520183527.9388108, 1520183528.1048121, 1520183528.1078131, 1520183528.1108115, 1520183528.1118116, 1520183528.1138115, 1520183528.114811, 1520183528.116811, 1520183528.1197832, 1520183528.120811, 1520183528.2998133, 1520183528.3028154, 1520183528.3038156, 1520183528.3068151, 1520183528.3077815, 1520183528.309783, 1520183528.3127809, 1520183529.0657797, 1520183529.3058102, 1520183529.3088098, 1520183529.3108096, 1520183529.3118095, 1520183529.3138099, 1520183529.3168116, 1520183529.3188114, 1520183529.3208115, 1520183529.521782, 1520183529.5258043, 1520183529.528804, 1520183529.529804, 1520183529.530805, 1520183529.5328119, 1520183529.5348122, 1520183529.5358138, 1520183529.5368106, 1520183529.7538133, 1520183529.7558134, 1520183529.759783, 1520183529.7608109, 1520183529.7628117, 1520183529.7658114, 1520183529.7688107, 1520183529.7698107, 1520183529.996816, 1520183529.9978125, 1520183529.9998174, 1520183530.001815, 1520183530.0028157, 1520183530.006817, 1520183530.008813, 1520183530.0108151, 1520183530.0118132, 1520183530.253814, 1520183530.2548146, 1520183530.2608197, 1520183530.2658155, 1520183530.2678173, 1520183530.2688155, 1520183530.5238304, 1520183530.5268118, 1520183530.5308115, 1520183530.532811, 1520183530.5368116, 1520183530.5428126, 1520183530.8108146, 1520183530.8138108, 1520183530.815813, 1520183530.8188117, 1520183530.821815, 1520183531.1058156, 1520183531.1108158, 1520183531.1148157, 1520183531.1168149, 1520183531.1198153, 1520183531.417815, 1520183531.7398133, 1520183531.7448156, 1520183531.752811, 1520183532.078815, 1520183532.4378152, 1520183532.450815, 1520183532.8197808, 1520183533.2078097, 1520183533.601781, 1520183534.0277827, 1520183534.4528158, 1520183534.4707813, 1520183534.9207814, 1520183535.3828142, 1520183535.8588169, 1520183536.362812, 1520183536.8698115, 1520183537.3957834, 1520183537.9298158, 1520183538.4778123, 1520183539.0258117, 1520183539.593782, 1520183540.1798115, 1520183540.7747853, 1520183541.3908165, 1520183542.0347826, 1520183542.6908169, 1520183543.3448133, 1520183544.009812, 1520183544.7017825, 1520183545.4008195, 1520183546.1128123, 1520183546.839815, 1520183550.8665028, 1520183551.64853, 1520183551.6635342, 1520183552.3875365, 1520183553.1115272, 1520183553.8725374, 1520183554.6065307, 1520183555.337504, 1520183556.0755057, 1520183556.8225288, 1520183557.569535, 1520183558.3285353, 1520183559.0895042, 1520183559.8855355, 1520183560.669505, 1520183561.4215045, 1520183562.2015045, 1520183562.9765425, 1520183563.7145047, 1520183564.4585397, 1520183565.2105565, 1520183565.9575365, 1520183566.706534, 1520183567.4805057, 1520183568.2595062, 1520183569.052536, 1520183569.8165357, 1520183570.5595362, 1520183571.291543, 1520183572.0165408, 1520183572.745536, 1520183573.4715362, 1520183573.483538, 1520183574.225507, 1520183574.949546, 1520183575.6745412, 1520183576.4055362, 1520183577.1355405, 1520183577.8655412, 1520183578.5935307, 1520183579.3245401, 1520183580.0535374, 1520183580.0685072, 1520183580.8035066, 1520183581.5305066, 1520183582.2605064, 1520183582.9905071, 1520183583.7195055, 1520183584.451507, 1520183585.185507, 1520183585.9205422], "episode_lengths": [11, 14, 17, 13, 13, 15, 17, 23, 32, 16, 17, 17, 39, 16, 22, 25, 26, 23, 21, 45, 20, 52, 22, 13, 25, 35, 18, 27, 16, 45, 17, 14, 47, 14, 22, 11, 18, 26, 20, 11, 41, 35, 14, 15, 10, 21, 11, 9, 17, 13, 17, 15, 17, 15, 18, 14, 11, 12, 12, 33, 15, 17, 32, 24, 28, 19, 14, 14, 79, 15, 14, 37, 13, 11, 26, 13, 27, 11, 23, 9, 16, 17, 41, 22, 15, 39, 32, 19, 9, 20, 10, 37, 14, 12, 16, 36, 23, 17, 27, 9, 42, 19, 22, 11, 10, 16, 10, 29, 21, 22, 25, 35, 15, 15, 9, 30, 22, 12, 31, 30, 19, 23, 12, 16, 32, 43, 37, 30, 14, 16, 16, 28, 23, 26, 22, 44, 26, 16, 13, 22, 14, 12, 10, 22, 22, 41, 12, 25, 34, 26, 16, 26, 12, 21, 19, 14, 39, 22, 17, 10, 29, 15, 61, 52, 20, 13, 32, 31, 40, 21, 40, 60, 31, 36, 18, 34, 29, 75, 51, 44, 25, 29, 67, 186, 55, 80, 76, 183, 138, 200, 160, 146, 200, 133, 180, 175, 162, 200, 200, 200, 200, 200, 200, 200, 200, 200, 178, 200, 200, 200, 200, 179, 200, 182, 149, 172, 200, 200, 152, 200, 200, 200, 200, 200, 200, 200, 200, 200, 200, 200, 200, 200, 200, 192, 200, 200, 200, 200, 200, 200, 192, 159, 200, 154, 163, 181, 200, 191, 120, 179, 144, 200, 200, 200, 185, 200, 200, 180, 141, 200, 174, 200, 200, 193, 200, 200, 200],